title,popular_rank,startYear,runtime,type,origin_country,language,rating,US_country,English_language
Polly Pocket,3345,2018,22,tvSeries,Canada,English,6.7,FALSE,TRUE
O Matador,2824,2017,99,movie,Brazil,Portuguese,6.1,FALSE,FALSE
Livet i 8 bitar,5590,2002,85,movie,Sweden,Swedish,4.8,FALSE,FALSE
Day of the Dead: Bloodline,988,2017,90,movie,Bulgaria,English,3.4,FALSE,TRUE
Abzurdah,1849,2015,90,movie,Argentina,Spanish,5.4,FALSE,FALSE
World on Fire,869,2019,57,tvSeries,United Kingdom,English,7.3,FALSE,TRUE
Jack of all Trades,4201,2018,85,movie,Canada,English,5.8,FALSE,TRUE
The Epic Tales of Captain Underpants in Space,4441,2020,24,tvSeries,United States,English,7.3,TRUE,TRUE
Operation Brothers,755,2019,129,movie,Canada,English,6.6,FALSE,TRUE
Richie Rich,1896,2015,22,tvSeries,United States,English,3.3,TRUE,TRUE
Moonbeams,6045,2001,81,movie,United States,English,8.1,TRUE,TRUE
The Jungle Book,5001,2010,30,tvSeries,India,English,4.2,FALSE,TRUE
Once Upon a Time in London,1784,2019,111,movie,United Kingdom,English,5.5,FALSE,TRUE
 Kiss Me First,12930,2018,46,tvEpisode,United Kingdom,English,6.9,FALSE,TRUE
Booba,2715,2014,96,tvSeries,United Kingdom,None,6.9,FALSE,FALSE
Nuestros amantes,2819,2016,88,movie,Spain,Spanish,6.7,FALSE,FALSE
Life's Too Short,1566,2011,30,tvSeries,United Kingdom,English,7.5,FALSE,TRUE
Swearnet: The Movie,2199,2014,112,movie,Canada,English,5.9,FALSE,TRUE
Franco Escamilla: Bienvenido al Mundo,5138,2019,54,tvSpecial,Mexico,Spanish,7.1,FALSE,FALSE
Aetaneun Romaenseu,2060,2017,47,tvSeries,South Korea,Korean,7.1,FALSE,FALSE
Annyeong? Naya!,2221,2021,65,tvSeries,South Korea,Korean,7.2,FALSE,FALSE
Bridegroom,3956,2013,80,movie,United States,English,8,TRUE,TRUE
I Don't Feel at Home in This World Anymore.,770,2017,93,movie,United States,English,6.9,TRUE,TRUE
Chevolution,5772,2008,86,movie,Mexico,Spanish,6.5,FALSE,FALSE
Trixie Mattel: Moving Parts,3440,2019,91,movie,United States,English,7.3,TRUE,TRUE
Rundfunk: Jachterwachter,3619,2020,89,movie,Netherlands,Dutch,5.8,FALSE,FALSE
Upin & Ipin,3912,2007,7,tvSeries,Malaysia,Malay,5.7,FALSE,FALSE
Mostly Sunny,2576,2016,83,movie,Canada,English,5.4,FALSE,TRUE
Thomas the Tank Engine & Friends,1008,1984,11,tvSeries,United Kingdom,Spanish,6.6,FALSE,FALSE
Baywatch,107,2017,116,movie,United Kingdom,English,5.5,FALSE,TRUE
Nate Bargatze: The Greatest Average American,3103,2021,60,tvSpecial,United States,English,7.3,TRUE,TRUE
Bitten,1096,2014,44,tvSeries,Canada,English,7,FALSE,TRUE
Gun,3541,2010,82,movie,United States,English,3.8,TRUE,TRUE
7 Chinese Brothers,3980,2015,76,movie,United States,English,5.6,TRUE,TRUE
Shot in the Dark,3329,2017,37,tvSeries,United States,English,8,TRUE,TRUE
Lady Dynamite,1795,2016,30,tvSeries,United States,English,7.4,TRUE,TRUE
Danur: I Can See Ghosts,4566,2017,74,movie,Indonesia,Indonesian,5.4,FALSE,FALSE
Heaven Sent,4401,2015,88,movie,United States,English,5.5,TRUE,TRUE
Maximum Conviction,2226,2012,98,movie,United States,English,4.8,TRUE,TRUE
From the Dark,2193,2014,90,movie,Ireland,English,4.9,FALSE,TRUE
Yoake tsugeru Rû no uta,2579,2017,112,movie,Japan,Japanese,6.8,FALSE,FALSE
 Tiny House Nation,6651,2019,40,tvEpisode,United States,English,7.3,TRUE,TRUE
Tuca & Bertie,1101,2019,26,tvSeries,United States,English,7.4,TRUE,TRUE
Girls Incarcerated: Young and Locked Up,3582,2018,45,tvSeries,United States,English,7.3,TRUE,TRUE
Sons of Anarchy,55,2008,45,tvSeries,United States,English,8.5,TRUE,TRUE
Chi m'ha visto,5005,2017,105,movie,Italy,Italian,5.7,FALSE,FALSE
The New Legends of Monkey,1256,2018,24,tvSeries,Australia,English,6.5,FALSE,TRUE
Mrs. Serial Killer,2775,2020,106,movie,India,Hindi,4.8,FALSE,FALSE
Against the Sun,2429,2014,100,movie,United States,English,6.5,TRUE,TRUE
Radium Girls,1063,2018,102,movie,United States,English,6.2,TRUE,TRUE
La víctima número 8,2111,2018,53,tvSeries,Spain,Spanish,7,FALSE,FALSE
Freud,1015,2020,55,tvSeries,Austria,German,6.5,FALSE,FALSE
Western,4988,2015,92,movie,Mexico,English,6,FALSE,TRUE
Sun Belt Express,4282,2014,91,movie,United States,English,6.2,TRUE,TRUE
El Hijo,2463,2019,92,movie,Argentina,Spanish,5.5,FALSE,FALSE
The Worthy,2370,2016,99,movie,United Arab Emirates,Arabic,5.2,FALSE,FALSE
Parchís: El documental,5697,2019,106,movie,Spain,Spanish,6.7,FALSE,FALSE
The Croods,645,2013,98,movie,United States,English,7.2,TRUE,TRUE
Stalked by My Doctor: The Return,3045,2016,97,tvMovie,United States,English,5.7,TRUE,TRUE
Aruna & Her Palate,4546,2018,106,movie,Indonesia,Indonesian,7.2,FALSE,FALSE
Velvet Buzzsaw,977,2019,113,movie,United States,English,5.7,TRUE,TRUE
W lesie dzis nie zasnie nikt,967,2020,102,movie,Poland,Polish,4.8,FALSE,FALSE
Too Funny to Fail: The Life & Death of The Dana Carvey Show,2889,2017,92,movie,United States,English,7.7,TRUE,TRUE
Romeo & Juliet,1211,2013,118,movie,United Kingdom,Latin,5.8,FALSE,FALSE
 The Missing,11019,2014,56,tvEpisode,United Kingdom,English,8,FALSE,TRUE
Dare Me,1018,2019,42,tvSeries,United States,English,6.7,TRUE,TRUE
The Dawn Wall,1430,2017,100,movie,Austria,English,8.1,FALSE,TRUE
 The Umbrella Academy,6431,2020,47,tvEpisode,United States,English,8.4,TRUE,TRUE
Binsenjo,191,2021,80,tvSeries,South Korea,Korean,8.6,FALSE,FALSE
The Protector,638,2018,40,tvSeries,Turkey,Turkish,6.7,FALSE,FALSE
One Strange Rock,1850,2018,47,tvSeries,United States,English,8.8,TRUE,TRUE
Kankerlijers,4396,2014,93,movie,Netherlands,Dutch,6.2,FALSE,FALSE
Blanche comme neige,2099,2019,112,movie,France,French,5.3,FALSE,FALSE
The Characters,2448,2016,30,tvSeries,United States,English,5.4,TRUE,TRUE
Voor elkaar gemaakt,4676,2017,93,movie,Netherlands,Dutch,6.2,FALSE,FALSE
Teen Titans Go!,715,2013,10,tvSeries,United States,English,5.3,TRUE,TRUE
Narcos,112,2015,49,tvSeries,United States,English,8.8,TRUE,TRUE
The Bold Type,62,2017,45,tvSeries,United States,English,7.9,TRUE,TRUE
Dilwale,2058,2015,158,movie,India,Hindi,5.1,FALSE,FALSE
Mechanic: Resurrection,766,2016,98,movie,United States,English,5.7,TRUE,TRUE
 GLOW,12746,2017,37,tvEpisode,United States,English,7.8,TRUE,TRUE
Shaun the Sheep: Adventures from Mossy Bottom,3371,2020,14,tvSeries,United Kingdom,English,8.1,FALSE,TRUE
Aenggeurimam,4106,2015,70,tvSeries,South Korea,Korean,7.6,FALSE,FALSE
Børning 3,2209,2020,100,movie,Norway,Swedish,5.1,FALSE,FALSE
Larceny,4301,2017,87,movie,United States,English,3.5,TRUE,TRUE
The Fundamentals of Caring,718,2016,97,movie,United States,English,7.3,TRUE,TRUE
Maroon,5154,2017,94,movie,India,Hindi,5.1,FALSE,FALSE
Artifact,4343,2012,103,movie,United States,English,8,TRUE,TRUE
Hotel Transylvania 3: Summer Vacation,571,2018,97,movie,United States,English,6.3,TRUE,TRUE
Mannen van Mars,1726,2018,91,movie,Netherlands,Dutch,6,FALSE,FALSE
Ultraviolet,2186,2017,60,tvSeries,Poland,Polish,7,FALSE,FALSE
Robozuna,4590,2018,22,tvSeries,United Kingdom,English,6.2,FALSE,TRUE
Nae Aidineun Gangnammiin,2231,2018,60,tvSeries,South Korea,Korean,7.5,FALSE,FALSE
Hanebado!,4684,2018,24,tvSeries,Japan,Japanese,6.4,FALSE,FALSE
Persona,3159,2019,20,tvMiniSeries,South Korea,Korean,6.6,FALSE,FALSE
Re: Mind,3024,2017,30,tvMiniSeries,Japan,Japanese,5,FALSE,FALSE
Menendez Parte 1: El día del Señor,2868,2020,93,movie,Mexico,Spanish,4.9,FALSE,FALSE
Serebryanye konki,1496,2020,130,movie,Russia,Russian,6.6,FALSE,FALSE
Neko no ongaeshi,1197,2002,75,movie,Japan,Japanese,7.2,FALSE,FALSE
Incerta glòria,2808,2017,115,movie,Spain,Catalan,6.2,FALSE,FALSE
 Barbarians,7427,2020,49,tvEpisode,Germany,German,8.1,FALSE,FALSE
In Oranje,4756,2004,90,movie,Netherlands,Dutch,6.5,FALSE,FALSE
Avatar: The Last Airbender,138,2005,23,tvSeries,United States,English,9.3,TRUE,TRUE
The Discovery,1235,2017,102,movie,United States,English,6.3,TRUE,TRUE
Care Bears and Cousins,5133,2015,132,tvSeries,United States,English,6.8,TRUE,TRUE
Raketsonyeondan,1289,2021,80,tvSeries,South Korea,Korean,8.4,FALSE,FALSE
Finding Home,5564,2014,118,movie,United States,English,7.9,TRUE,TRUE
Katherine Ryan: Glitter Room,4847,2019,65,tvSpecial,United States,English,6.7,TRUE,TRUE
I Think You Should Leave with Tim Robinson,996,2019,16,tvSeries,United States,English,7.7,TRUE,TRUE
Gaga: Five Foot Two,2989,2017,100,movie,United States,English,7,TRUE,TRUE
Fairy Tail: Fearî teiru,653,2009,24,tvSeries,Japan,Japanese,8,FALSE,FALSE
 Arrow,14067,2018,42,tvEpisode,United States,Greek,9.1,TRUE,FALSE
Swiped,2011,2018,93,movie,United States,English,3,TRUE,TRUE
Enola Holmes,189,2020,123,movie,United Kingdom,English,6.6,FALSE,TRUE
The Whole Truth,170,2016,93,movie,United States,English,6.2,TRUE,TRUE
Legends of Tomorrow,80,2016,42,tvSeries,United States,English,6.8,TRUE,TRUE
Brij Mohan Amar Rahe,3382,2017,105,movie,India,Hindi,6.8,FALSE,FALSE
Move to Heaven,323,2021,60,tvSeries,South Korea,Korean,8.8,FALSE,FALSE
DeRay Davis: How to Act Black,5573,2017,66,tvSpecial,United States,English,6.1,TRUE,TRUE
TharnType,2012,2019,52,tvSeries,Thailand,Thai,8.3,FALSE,FALSE
The Good Wife,284,2009,43,tvSeries,United States,English,8.3,TRUE,TRUE
The Clovehitch Killer,184,2018,109,movie,United States,English,6.6,TRUE,TRUE
The Comedy Lineup,4374,2018,15,tvSeries,United States,English,5.9,TRUE,TRUE
Trippin' with the Kandasamys,1210,2021,93,movie,South Africa,English,5.3,FALSE,TRUE
Inspector Gadget,3160,2015,22,tvSeries,Canada,English,4.6,FALSE,TRUE
I Am a Killer,1877,2018,52,tvSeries,United Kingdom,English,7.4,FALSE,TRUE
Laipeu,2958,2018,60,tvSeries,South Korea,Korean,7.6,FALSE,FALSE
What Keeps You Alive,1297,2018,98,movie,Canada,English,5.7,FALSE,TRUE
Theo Von: No Offense,4575,2016,67,tvSpecial,United States,English,5.6,TRUE,TRUE
Gossip Girl,150,2007,42,tvSeries,United States,English,7.4,TRUE,TRUE
You,116,2018,45,tvSeries,United States,English,7.7,TRUE,TRUE
 Cobra Kai,6658,2021,32,tvEpisode,United States,English,8.2,TRUE,TRUE
Nocturama,2721,2016,130,movie,France,French,6.4,FALSE,FALSE
Tenkû no shiro Rapyuta,1027,1986,125,movie,Japan,Japanese,8,FALSE,FALSE
Mignonnes,1025,2020,96,movie,France,French,3.2,FALSE,FALSE
Le Petit Prince,1380,2015,108,movie,France,English,7.7,FALSE,TRUE
Samir Abu el-Nil,4911,2013,109,movie,Egypt,Arabic,4.4,FALSE,FALSE
Big Bear,2647,2017,88,movie,United States,English,5.1,TRUE,TRUE
Dave Attell: Road Work,5743,2014,60,tvSpecial,United States,English,7.5,TRUE,TRUE
Shirkers,3043,2018,97,movie,United States,English,7.4,TRUE,TRUE
Ender's Game,607,2013,114,movie,United States,English,6.6,TRUE,TRUE
La Corazonada,2151,2020,116,movie,Argentina,Spanish,5.3,FALSE,FALSE
Geunyeoneun yeppeodda,2146,2015,60,tvSeries,South Korea,Korean,7.7,FALSE,FALSE
Fortune Feimster: Sweet & Salty,4802,2020,61,tvSpecial,United States,English,6.9,TRUE,TRUE
Ugly Duckling Series: Pity Girl,5796,2015,50,tvSeries,Thailand,Thai,6.5,FALSE,FALSE
Indie Game: Life After,5301,2016,125,movie,Canada,English,5.7,FALSE,TRUE
A Killer Uncaged,3836,2020,104,tvSeries,United Kingdom,English,5.2,FALSE,TRUE
Un-myeong-cheol-eom neol sa-rang-hae,2636,2014,60,tvSeries,South Korea,Korean,7.9,FALSE,FALSE
Jachebalgwang Opiseu,5007,2017,65,tvSeries,South Korea,Korean,7,FALSE,FALSE
Mujeres Arriba,4541,2020,100,movie,Chile,Spanish,3.8,FALSE,FALSE
Den osynlige,3354,2002,101,movie,Sweden,Swedish,6.4,FALSE,FALSE
The Remix: Hip Hop X Fashion,5200,2019,67,movie,United States,English,7.2,TRUE,TRUE
Word Party,3153,2016,11,tvSeries,United States,English,5.9,TRUE,TRUE
Shadow of Truth,4097,2016,40,tvMiniSeries,Israel,Hebrew,8,FALSE,FALSE
"Oh, Hello on Broadway",3040,2017,102,tvMovie,United States,English,7.7,TRUE,TRUE
Kkondae Intern,3960,2020,32,tvSeries,South Korea,Korean,7.5,FALSE,FALSE
Ergo Proxy,1679,2006,25,tvSeries,Japan,Japanese,8,FALSE,FALSE
Super Why!,2160,2007,30,tvSeries,Canada,English,6.1,FALSE,TRUE
Sword Art Online,450,2012,24,tvSeries,Japan,Japanese,7.6,FALSE,FALSE
Safe,541,2018,356,tvSeries,United Kingdom,English,7.3,FALSE,TRUE
The Dark Crystal: Age of Resistance,682,2019,60,tvSeries,United Kingdom,English,8.4,FALSE,TRUE
Aggretsuko,2067,2018,15,tvSeries,Japan,English,8.1,FALSE,TRUE
Clarence,1688,2013,23,tvSeries,United States,English,6.6,TRUE,TRUE
Archer,186,2009,22,tvSeries,United States,English,8.6,TRUE,TRUE
Catching Feelings,3430,2017,124,movie,South Africa,English,5.7,FALSE,TRUE
Yat nim mou ming,3082,2016,101,movie,Hong Kong,Cantonese,7.2,FALSE,FALSE
Las leyes de la termodinámica,3276,2018,100,movie,Spain,Spanish,6.1,FALSE,FALSE
Rango,455,2011,107,movie,United States,English,7.2,TRUE,TRUE
Zhong ji san guo,5767,2009,75,tvSeries,Taiwan,Mandarin,5.4,FALSE,FALSE
Next in Fashion,2718,2020,50,tvSeries,United States,English,7.3,TRUE,TRUE
Reggie Watts: Spatial,5510,2016,61,tvSpecial,United States,English,6.1,TRUE,TRUE
To All the Boys: Always and Forever,797,2021,109,movie,United States,English,6.3,TRUE,TRUE
Omoide no Mânî,1311,2014,103,movie,Japan,Japanese,7.7,FALSE,FALSE
Theo Maassen: Vankwaadtoterger,5725,2017,87,tvSpecial,Netherlands,Dutch,7.6,FALSE,FALSE
Black Ink Crew,2153,2012,42,tvSeries,United States,English,4.6,TRUE,TRUE
Dave Chappelle,4875,2017,66,tvSeries,United States,English,8.7,TRUE,TRUE
Take the 10,2886,2017,80,movie,United States,English,4.8,TRUE,TRUE
 Lady Dynamite,11682,2016,35,tvEpisode,United States,English,7.1,TRUE,TRUE
Seperti Hujan yang Jatuh ke Bumi,4567,2020,86,movie,Indonesia,Indonesian,5,FALSE,FALSE
Until Dawn,5021,2020,22,tvSeries,France,French,2.7,FALSE,FALSE
Titans,91,2018,45,tvSeries,United States,English,7.7,TRUE,TRUE
Unbreakable Kimmy Schmidt,381,2015,30,tvSeries,United States,English,7.6,TRUE,TRUE
Soupçons,973,2004,629,tvSeries,France,English,7.9,FALSE,TRUE
Ajeeb Daastaans,891,2021,142,movie,India,Hindi,6.7,FALSE,FALSE
Dérapages,1597,2020,52,tvMiniSeries,France,French,7.1,FALSE,FALSE
La luna sangre,3657,2017,30,tvSeries,Philippines,Filipino,5.9,FALSE,FALSE
Terrifier,1002,2016,82,movie,United States,English,5.6,TRUE,TRUE
Strike a Pose,4183,2016,83,movie,Netherlands,English,7.2,FALSE,TRUE
2001: A Space Odyssey,301,1968,149,movie,United Kingdom,English,8.3,FALSE,TRUE
Good Witch,149,2015,48,tvSeries,Canada,English,7.3,FALSE,TRUE
How to Fix a Drug Scandal,2955,2020,211,tvMiniSeries,United States,English,7,TRUE,TRUE
Sextuplets,1759,2019,97,movie,United States,English,4.4,TRUE,TRUE
Los favoritos de Midas,1295,2020,316,tvMiniSeries,Spain,Spanish,6.6,FALSE,FALSE
Bill Nye Saves the World,3835,2017,30,tvSeries,United States,English,3.6,TRUE,TRUE
Amateur,2244,2018,96,movie,United States,English,5.9,TRUE,TRUE
Dry,4140,2015,107,movie,United Kingdom,English,7.2,FALSE,TRUE
The Highwaymen,452,2019,132,movie,United States,English,6.9,TRUE,TRUE
Alex Fernández: El mejor comediante del mundo,5781,2020,51,tvSpecial,Mexico,Spanish,6.2,FALSE,FALSE
Rák Màt-nàk,3630,2020,45,tvSeries,Thailand,Thai,7.1,FALSE,FALSE
Ask the Doctor,4134,2017,28,tvSeries,Australia,English,6.5,FALSE,TRUE
Bottom of the World,3307,2017,85,movie,Canada,English,5.3,FALSE,TRUE
Chappelle's Show,970,2003,22,tvSeries,United States,English,8.8,TRUE,TRUE
Hubie Halloween,521,2020,102,movie,United States,English,5.2,TRUE,TRUE
The Music of Strangers,4066,2015,96,movie,United States,English,7.7,TRUE,TRUE
The Hurt Business,5284,2016,107,movie,United States,English,6.4,TRUE,TRUE
 Five Came Back,13436,2017,59,tvEpisode,United States,English,8.3,TRUE,TRUE
People Like Us,1763,2012,114,movie,United States,English,7.1,TRUE,TRUE
V/H/S Viral,2359,2014,81,movie,United States,English,4.2,TRUE,TRUE
V-Wars,989,2019,60,tvSeries,United States,English,6.1,TRUE,TRUE
Si shi qing chun,2225,2018,74,movie,China,Mandarin,6.6,FALSE,FALSE
Queen Sono,2585,2020,43,tvSeries,South Africa,Russian,6,FALSE,FALSE
Monty Don's Italian Gardens,4996,2011,59,tvSeries,United Kingdom,English,8.4,FALSE,TRUE
 The Hour,9937,2011,59,tvEpisode,United Kingdom,English,7.8,FALSE,TRUE
The Mitchells vs the Machines,18,2021,113,movie,United States,English,7.8,TRUE,TRUE
Bed & Breakfast: Love is a Happy Accident,4010,2010,89,movie,United States,English,5.1,TRUE,TRUE
La Frecuencia Kirlian,3798,2017,9,tvSeries,Argentina,Spanish,7.6,FALSE,FALSE
The Most Hated Woman in America,1887,2017,91,movie,United States,English,6.1,TRUE,TRUE
Cheese in the Trap,2024,2016,60,tvSeries,South Korea,Korean,7.4,FALSE,FALSE
All on the Line,5935,2011,60,tvSeries,United States,English,7.8,TRUE,TRUE
KL Zombi,4076,2013,97,movie,Malaysia,Malay,4.5,FALSE,FALSE
Beyond a Reasonable Doubt,2188,2009,106,movie,United States,English,5.9,TRUE,TRUE
The Human Centipede II (Full Sequence),1029,2011,91,movie,Netherlands,English,3.8,FALSE,TRUE
Furie,1312,2019,97,movie,France,French,5.6,FALSE,FALSE
Secret Agent Selection: WW2,3993,2018,60,tvMiniSeries,United Kingdom,English,7.7,FALSE,TRUE
Kipper,3372,1997,47,tvSeries,United Kingdom,English,7.1,FALSE,TRUE
Baires,5473,2015,82,movie,Argentina,Spanish,4.1,FALSE,FALSE
Tenured,5043,2015,80,movie,United States,English,6,TRUE,TRUE
The Golem,2656,2018,95,movie,Israel,English,5.6,FALSE,TRUE
 Penny Dreadful,10479,2014,52,tvEpisode,Canada,English,8.1,FALSE,TRUE
Precious Cargo,2055,2016,90,movie,Canada,English,4.6,FALSE,TRUE
Ala Vaikunthapurramuloo,1641,2020,163,movie,India,Telugu,7.3,FALSE,FALSE
Kari-gurashi no Arietti,983,2010,94,movie,Japan,Japanese,7.6,FALSE,FALSE
Afonso Padilha: Alma de Pobre,5679,2020,63,tvSpecial,Brazil,Portuguese,6.7,FALSE,FALSE
Mark Felt: The Man Who Brought Down the White House,1730,2017,103,movie,United States,English,6.4,TRUE,TRUE
Gumrah,3746,1993,149,movie,India,Hindi,6.2,FALSE,FALSE
The Investigator: A British Crime Story,2609,2016,47,tvSeries,United Kingdom,English,5.7,FALSE,TRUE
Cateva conversatii despre o fata foarte inalta,3889,2018,70,movie,Romania,Romanian,5.9,FALSE,FALSE
Suburbicon,1070,2017,105,movie,United Kingdom,English,5.7,FALSE,TRUE
Article 15,1281,2019,130,movie,India,Hindi,8.2,FALSE,FALSE
Boku dake ga inai machi,1938,2017,30,tvSeries,Japan,Japanese,7.9,FALSE,FALSE
The Land of Steady Habits,991,2018,98,movie,United States,English,6.2,TRUE,TRUE
Paradise Beach,2386,2019,93,movie,France,French,4.5,FALSE,FALSE
Shaft,709,2019,111,movie,United States,English,6.4,TRUE,TRUE
There's Something in the Water,3705,2019,73,movie,Canada,English,6.6,FALSE,TRUE
El silencio de la ciudad blanca,1195,2019,110,movie,Spain,Spanish,5.2,FALSE,FALSE
I Called Him Morgan,4008,2016,92,movie,Sweden,English,7.3,FALSE,TRUE
The Improv: 50 Years Behind the Brick Wall,5942,2013,60,tvSpecial,United States,English,7,TRUE,TRUE
Murder to Mercy: The Cyntoia Brown Story,3283,2020,96,movie,United States,English,6.4,TRUE,TRUE
The CEO,5374,2016,105,movie,Nigeria,English,6.2,FALSE,TRUE
Being Napoleon,4293,2018,88,movie,United States,English,5.3,TRUE,TRUE
Dead & Nowhere,6041,2008,90,movie,United States,English,2.7,TRUE,TRUE
Greg Davies: You Magnificent Beast,4487,2018,66,tvSpecial,United Kingdom,English,7.2,FALSE,TRUE
Steve Byrne: Champion,6044,2014,70,tvSpecial,United States,English,7,TRUE,TRUE
Trollhunters: Happy Birthday to You!,5463,2017,1,tvSpecial,United States,English,5.2,TRUE,TRUE
Power Rangers Ninja Steel,1723,2017,21,tvSeries,United States,English,6,TRUE,TRUE
The Perfection,817,2018,90,movie,United States,English,6.1,TRUE,TRUE
Blockbuster,4977,2018,85,movie,France,French,5.5,FALSE,FALSE
The Devil All the Time,125,2020,138,movie,United States,English,7.1,TRUE,TRUE
Comment je suis devenu super-héros,3794,2020,97,movie,France,French,7.1,FALSE,FALSE
Nevenka,4244,2021,114,tvMiniSeries,Spain,Spanish,7,FALSE,FALSE
Shadow Trade,6161,2016,50,movie,United Kingdom,English,7.8,FALSE,TRUE
 The Order,6509,2020,47,tvEpisode,United States,English,7.3,TRUE,TRUE
Toradora!,1352,2008,24,tvSeries,Japan,Japanese,8,FALSE,FALSE
Springsteen on Broadway,4691,2018,153,tvMovie,United States,English,8.5,TRUE,TRUE
A New York Christmas Wedding,3001,2020,88,movie,United States,English,5.4,TRUE,TRUE
The Gruffalo,2399,2009,27,tvMovie,United Kingdom,English,7.5,FALSE,TRUE
 Jeffrey Epstein: Filthy Rich,8246,2020,57,tvEpisode,United States,English,7.4,TRUE,TRUE
Dongbaekkkot Pil Muryeop,2034,2019,30,tvSeries,South Korea,Korean,8,FALSE,FALSE
Fatal Affair,1739,2020,89,movie,United States,English,4.5,TRUE,TRUE
The Experiment,6110,2011,89,movie,United States,English,6.8,TRUE,TRUE
Betaal,1864,2020,46,tvSeries,India,Hindi,5.4,FALSE,FALSE
Chasing Coral,3077,2017,93,movie,United States,English,8.1,TRUE,TRUE
Zbrodnia,2458,2014,60,tvSeries,Poland,Polish,6.2,FALSE,FALSE
Life of Ryan: Caretaker Manager,5389,2014,81,tvMovie,United Kingdom,English,7.3,FALSE,TRUE
Fainaru fantajî XIV: Hikari no otousan,4796,2017,24,tvMiniSeries,Japan,Japanese,7,FALSE,FALSE
Cuckoo,700,2012,30,tvSeries,United Kingdom,English,7.2,FALSE,TRUE
Noura Rêve,4545,2019,92,movie,Tunisia,Arabic,6.5,FALSE,FALSE
Enrico Piaggio: Vespa,1656,2019,102,tvMovie,Italy,Italian,6.9,FALSE,FALSE
The Nice Guys,213,2016,116,movie,United States,English,7.4,TRUE,TRUE
"Mis Peores Amigos: Promedio Rojo, El Regreso",5967,2013,88,movie,Chile,Spanish,3.8,FALSE,FALSE
Irreplaceable You,1610,2018,96,movie,United States,English,6.4,TRUE,TRUE
Southpaw,600,2015,124,movie,Hong Kong,English,7.4,FALSE,TRUE
Wildflower,3642,2014,92,movie,United States,English,5.2,TRUE,TRUE
 The Get Down,11532,2016,93,tvEpisode,United States,English,8.5,TRUE,TRUE
Annihilation,318,2018,115,movie,United Kingdom,English,6.8,FALSE,TRUE
Tiny House Nation,2709,2014,43,tvSeries,United States,English,7.2,TRUE,TRUE
Aziz Ansari: Right Now,2997,2019,65,tvSpecial,United States,English,7.5,TRUE,TRUE
Son,3074,2012,90,tvSeries,Turkey,Turkish,7.4,FALSE,FALSE
Apenas o Fim,5656,2008,80,movie,Brazil,Portuguese,6.9,FALSE,FALSE
The Windsors,1450,2016,30,tvSeries,United Kingdom,English,7.1,FALSE,TRUE
The Princess Switch: Switched Again,1558,2020,96,movie,United States,English,5.4,TRUE,TRUE
Love Island Australia,2309,2018,50,tvSeries,Australia,English,5.4,FALSE,TRUE
Derren Brown: Sacrifice,4657,2018,49,tvSpecial,United Kingdom,English,7.1,FALSE,TRUE
Ultimate Beastmaster,2343,2017,55,tvSeries,United States,English,7.3,TRUE,TRUE
The English Game,1026,2020,281,tvMiniSeries,United Kingdom,English,7.6,FALSE,TRUE
Behind Her Eyes,163,2021,298,tvMiniSeries,United Kingdom,English,7.2,FALSE,TRUE
Mercenaire,4699,2016,103,movie,France,French,6.4,FALSE,FALSE
Dead Places,2265,2021,45,tvSeries,South Africa,English,6.8,FALSE,TRUE
Nate Bargatze: The Tennessee Kid,3927,2019,60,tvSpecial,United States,English,7.6,TRUE,TRUE
I'll Be Home for Christmas,3032,2016,84,tvMovie,United States,English,6.1,TRUE,TRUE
Tales of the City,846,2019,60,tvSeries,United States,English,7.4,TRUE,TRUE
Sky Ladder: The Art of Cai Guo-Qiang,3211,2016,76,movie,United States,English,7.3,TRUE,TRUE
Colombiana,287,2011,108,movie,France,English,6.4,FALSE,TRUE
El sendero de la anaconda,5077,2019,73,movie,Colombia,English,6.8,FALSE,TRUE
 Love Is Blind,7921,2020,58,tvEpisode,United States,English,6,TRUE,TRUE
Seven in Heaven,2488,2018,94,movie,United States,English,5.3,TRUE,TRUE
Dolly Parton: Here I Am,3914,2019,90,tvMovie,United Kingdom,English,7.3,FALSE,TRUE
Street,3106,2015,85,movie,United States,English,4.6,TRUE,TRUE
Uma Maheswara Ugra Roopasya,2734,2020,136,movie,India,Telugu,7.8,FALSE,FALSE
Thiago Ventura: Pokas,5654,2020,82,tvSpecial,Brazil,Portuguese,6.7,FALSE,FALSE
Kid-E-Cats,3895,2016,5,tvSeries,Russia,Russian,7.5,FALSE,FALSE
Oxygène,64,2021,100,movie,France,French,6.5,FALSE,FALSE
Smile at the Runway,4810,2020,24,tvSeries,Japan,Japanese,6.8,FALSE,FALSE
Flowers,1476,2016,30,tvSeries,United Kingdom,English,8.2,FALSE,TRUE
Gods of Egypt,399,2016,127,movie,United States,English,5.4,TRUE,TRUE
Rezeta,4839,2012,85,movie,Mexico,Spanish,5.7,FALSE,FALSE
Joanna Lumley's Japan,4404,2016,46,tvMiniSeries,United Kingdom,English,8.3,FALSE,TRUE
Julie's Greenroom,3668,2017,27,tvSeries,United States,English,8.5,TRUE,TRUE
Arrival,144,2016,116,movie,United States,English,7.9,TRUE,TRUE
Stalked by My Doctor,2178,2015,88,tvMovie,United States,English,5.5,TRUE,TRUE
Marco Polo,500,2014,60,tvSeries,United States,English,8,TRUE,TRUE
Flatbush Luck,4195,2016,93,movie,United States,English,5.8,TRUE,TRUE
Elisa y Marcela,1292,2019,118,movie,Spain,Spanish,6.6,FALSE,FALSE
ReBoot: The Guardian Code,2644,2018,30,tvSeries,Canada,English,3.8,FALSE,TRUE
Loco por ella,1361,2021,102,movie,Spain,Spanish,6.6,FALSE,FALSE
Sergio,1420,2020,118,movie,United States,English,6.1,TRUE,TRUE
 Maniac,12303,2018,41,tvEpisode,United States,English,7.3,TRUE,TRUE
Live by Night,757,2016,129,movie,United States,English,6.4,TRUE,TRUE
Nuestra Lucha Libre,5640,2018,28,tvMiniSeries,Mexico,Spanish,7.5,FALSE,FALSE
Angry Birds Stella,3767,2014,6,tvSeries,Finland,None,7,FALSE,FALSE
Keizersvrouwen,1792,2019,47,tvSeries,Netherlands,Dutch,6.2,FALSE,FALSE
Cirque du Soleil: Luna Petunia,4804,2016,22,tvSeries,United States,English,6.4,TRUE,TRUE
Inrang,1800,2018,139,movie,South Korea,Korean,6,FALSE,FALSE
Live,5127,2015,97,movie,Romania,Romanian,6.1,FALSE,FALSE
Tian sheng chang ge,2189,2018,60,tvSeries,China,Mandarin,8.6,FALSE,FALSE
Bon Cop Bad Cop 2,3351,2017,126,movie,Canada,English,6.7,FALSE,TRUE
When We First Met,892,2018,97,movie,United States,English,6.4,TRUE,TRUE
"Bikram: Yogi, Guru, Predator",2758,2019,86,movie,United States,English,6.7,TRUE,TRUE
Afblijven,4786,2006,100,movie,Netherlands,Dutch,5.3,FALSE,FALSE
The Wiggles,1898,1998,30,tvSeries,Australia,English,5.8,FALSE,TRUE
Parallels,2216,2015,83,movie,United States,English,6.1,TRUE,TRUE
Reipu zonbi: Lust of the dead 3,2946,2013,68,movie,Japan,Japanese,3.9,FALSE,FALSE
Kekkai Sensen,2081,2015,24,tvSeries,Japan,Japanese,7.3,FALSE,FALSE
Music for Mandela,5929,2013,82,movie,Canada,English,6.3,FALSE,TRUE
Sonic Boom,1923,2014,11,tvSeries,United States,English,7,TRUE,TRUE
Le nozze di Laura,5244,2015,92,tvMovie,Italy,Italian,6.1,FALSE,FALSE
Toen was geluk heel gewoon,5494,2014,87,movie,Netherlands,Dutch,5.7,FALSE,FALSE
World Without End,1423,2012,374,tvMiniSeries,Canada,English,7,FALSE,TRUE
Sobat Ambyar,4451,2021,101,movie,Indonesia,Indonesian,6.4,FALSE,FALSE
 The World's Most Extraordinary Homes,14511,2017,59,tvEpisode,United Kingdom,English,7.6,FALSE,TRUE
C'est quoi cette famille?!,3900,2016,99,movie,France,French,6.2,FALSE,FALSE
Bodyguard,316,2018,60,tvSeries,United Kingdom,English,8.1,FALSE,TRUE
O Amor no Divã,4966,2016,88,movie,Brazil,Portuguese,5.6,FALSE,FALSE
Willy Wonka & the Chocolate Factory,221,1971,100,movie,United States,English,7.8,TRUE,TRUE
En passant pécho,3667,2021,99,movie,France,French,4.5,FALSE,FALSE
Evil,272,2019,42,tvSeries,United States,English,7.7,TRUE,TRUE
Tribhanga,2182,2021,95,movie,India,Hindi,6.1,FALSE,FALSE
 Narcos: México,12806,2018,57,tvEpisode,Mexico,English,8.1,FALSE,TRUE
Salvation,622,2017,43,tvSeries,United States,English,7,TRUE,TRUE
Mr. Angel,5131,2013,68,movie,United States,English,6.6,TRUE,TRUE
Queer Eye,1406,2018,45,tvSeries,United States,English,8.5,TRUE,TRUE
A Walk to Remember,483,2002,101,movie,United States,English,7.3,TRUE,TRUE
Zinzana,4843,2015,96,movie,United Arab Emirates,Arabic,7,FALSE,FALSE
Jumanji: Welcome to the Jungle,232,2017,119,movie,United States,English,6.9,TRUE,TRUE
Blame!,2414,2017,106,movie,Japan,Japanese,6.7,FALSE,FALSE
Povestea unui pierde-vara,4149,2018,100,movie,Romania,Romanian,6.5,FALSE,FALSE
Fangio: El hombre que domaba las máquinas,3834,2020,92,movie,Argentina,Spanish,6.8,FALSE,FALSE
The Repair Shop,1463,2017,30,tvSeries,United Kingdom,English,8.7,FALSE,TRUE
 Transformers: War for Cybertron,6705,2020,25,tvEpisode,United States,English,7.6,TRUE,TRUE
A Weekend with the Family,3913,2016,82,movie,United States,English,4.9,TRUE,TRUE
Nero a metà,2349,2018,60,tvSeries,Italy,Italian,6.6,FALSE,FALSE
Mismatched,2238,2020,30,tvSeries,India,Hindi,5.5,FALSE,FALSE
Um Pai no Meio do Caminho,2696,2021,103,movie,Brazil,Portuguese,5.6,FALSE,FALSE
Arifureta Shokugyou de Sekai Saikyou,1696,2019,23,tvSeries,Japan,Japanese,6.9,FALSE,FALSE
Let's Be Evil,4422,2016,82,movie,United Kingdom,English,4.2,FALSE,TRUE
 Pretty Little Liars,10471,2014,44,tvEpisode,United States,English,7.9,TRUE,TRUE
Pigoin,2784,2017,70,tvSeries,South Korea,Korean,8.2,FALSE,FALSE
Lara and the Beat,4745,2018,137,movie,Nigeria,English,6.3,FALSE,TRUE
Iliza Shlesinger: Confirmed Kills,4773,2016,77,tvSpecial,United States,English,6.6,TRUE,TRUE
Five Minarets in New York,3201,2010,119,movie,Turkey,Turkish,5.8,FALSE,FALSE
Sahara,3023,2017,86,movie,France,English,5.6,FALSE,TRUE
Wolkenbruchs wunderliche Reise in die Arme einer Schickse,2729,2018,94,movie,Switzerland,German,6.6,FALSE,FALSE
Hell and Back,2502,2015,86,movie,United States,English,5.4,TRUE,TRUE
The Last Summer,1165,2019,109,movie,United States,English,5.6,TRUE,TRUE
Romaenseuneun Byulchaekboorok,1482,2019,62,tvSeries,South Korea,Korean,8.1,FALSE,FALSE
Life Unexpected,1556,2010,60,tvSeries,United States,English,7.5,TRUE,TRUE
Advantageous,2384,2015,90,movie,United States,English,6.2,TRUE,TRUE
Indiscretion,3659,2016,99,movie,United States,English,4.8,TRUE,TRUE
Muscle Shoals,2604,2013,111,movie,United States,English,7.7,TRUE,TRUE
Soekarno: Indonesia Merdeka,4738,2013,137,movie,Indonesia,Indonesian,7,FALSE,FALSE
De gelukkige huisvrouw,4317,2010,100,movie,Netherlands,Dutch,6.7,FALSE,FALSE
Haters Back Off!,1568,2016,30,tvSeries,United States,English,6,TRUE,TRUE
Bo Burnham: Make Happy,576,2016,60,tvSpecial,United States,English,8.5,TRUE,TRUE
A.I.C.O. Incarnation,3480,2018,25,tvSeries,Japan,Japanese,6.4,FALSE,FALSE
The Director: An Evolution in Three Acts,4584,2013,85,movie,United States,English,6.2,TRUE,TRUE
Below Her Mouth,506,2016,94,movie,Canada,English,5.5,FALSE,TRUE
The Age of Spin: Dave Chappelle Live at the Hollywood Palladium,3807,2017,67,tvSpecial,United States,English,8.1,TRUE,TRUE
Kulipari: An Army of Frogs,4213,2016,20,tvSeries,United States,English,7,TRUE,TRUE
Comedians in Cars Getting Coffee,1479,2012,20,tvSeries,United States,English,8.1,TRUE,TRUE
 Disenchantment,13400,2018,36,tvEpisode,United States,English,6.9,TRUE,TRUE
Zumbo's Just Desserts,2979,2016,52,tvSeries,Australia,English,6.9,FALSE,TRUE
Dear Nathan Hello Salma,4082,2018,101,movie,Indonesia,Indonesian,7.6,FALSE,FALSE
Dancing Queens,345,2021,110,movie,Sweden,Swedish,5.2,FALSE,FALSE
Venom,183,2018,112,movie,China,English,6.7,FALSE,TRUE
A Toca,6216,2013,30,tvSeries,Brazil,Portuguese,4.1,FALSE,FALSE
Apostle,609,2018,130,movie,United Kingdom,English,6.3,FALSE,TRUE
 The Good Place,6700,2019,22,tvEpisode,United States,English,7.8,TRUE,TRUE
Wish You,2697,2021,102,movie,South Korea,Korean,6.5,FALSE,FALSE
Child's Play,761,2019,90,movie,Canada,English,5.8,FALSE,TRUE
Easy,545,2016,30,tvSeries,United States,English,6.9,TRUE,TRUE
House of Bodies,3613,2013,79,movie,United States,English,4.3,TRUE,TRUE
Target,4052,2018,93,movie,Indonesia,Indonesian,4,FALSE,FALSE
Dust Up,5184,2012,94,movie,United States,English,4.9,TRUE,TRUE
Poketto monsutâ,494,1997,24,tvSeries,Japan,Japanese,7.5,FALSE,FALSE
Penny Dreadful,291,2014,60,tvSeries,Ireland,English,8.2,FALSE,TRUE
Roohi,1454,2021,134,movie,India,Hindi,4.3,FALSE,FALSE
Wyatt Cenac: Brooklyn,5783,2014,67,tvSpecial,United States,English,6.3,TRUE,TRUE
Saikometeuri Geunyeoseok,2781,2019,65,tvSeries,South Korea,Korean,7.8,FALSE,FALSE
I'm Reed Fish,3141,2006,93,movie,United States,English,5.7,TRUE,TRUE
Louis C.K. 2017,4047,2017,74,tvSpecial,United States,English,7.6,TRUE,TRUE
Rebellion,1065,2016,258,tvMiniSeries,Ireland,English,7.2,FALSE,TRUE
Steven Universe,468,2013,11,tvSeries,United States,Korean,8.2,TRUE,FALSE
 Jessica Jones,11171,2015,52,tvEpisode,United States,English,8,TRUE,TRUE
Middle of Nowhere,2427,2012,97,movie,United States,English,6.4,TRUE,TRUE
Beyblade Burst,2922,2016,24,tvSeries,Japan,English,6.7,FALSE,TRUE
Kung Fu Elliot,5235,2014,81,movie,Canada,English,6.5,FALSE,TRUE
Atari: Game Over,4438,2014,66,movie,United States,English,6.7,TRUE,TRUE
127 Hours,613,2010,94,movie,United States,English,7.5,TRUE,TRUE
The Irishman,201,2019,209,movie,United States,English,7.8,TRUE,TRUE
Eyyvah Eyvah,4564,2010,104,movie,Turkey,Turkish,7,FALSE,FALSE
Reversing Roe,4372,2018,99,movie,United States,English,7.5,TRUE,TRUE
Breakfast at Tiffany's,632,1961,115,movie,United States,English,7.6,TRUE,TRUE
Rocko's Modern Life: Static Cling,3134,2019,45,tvMovie,United States,English,7,TRUE,TRUE
2006 Independent Spirit Awards,5876,2006,109,tvSpecial,United States,English,6.6,TRUE,TRUE
Feel Good,119,2020,30,tvSeries,United Kingdom,English,7.5,FALSE,TRUE
Bellas de Noche,4716,2016,92,movie,Mexico,Spanish,7.3,FALSE,FALSE
Nikki Glaser: Bangin',4283,2019,63,tvSpecial,United States,English,6,TRUE,TRUE
Mater,2939,2017,80,movie,Argentina,Spanish,4.6,FALSE,FALSE
R.L. Stine's Monsterville: Cabinet of Souls,1897,2015,86,tvMovie,United States,English,5.7,TRUE,TRUE
City of Tiny Lights,1378,2016,110,movie,United Kingdom,English,5.5,FALSE,TRUE
Karakai Jouzu no Takagi-san,2035,2018,23,tvMiniSeries,Japan,Japanese,7.7,FALSE,FALSE
War Flowers,4263,2012,99,movie,United States,English,4.4,TRUE,TRUE
The Babysitter,358,2017,85,movie,United States,English,6.3,TRUE,TRUE
Making the American Man,5930,2016,68,movie,United States,English,5.4,TRUE,TRUE
Hollywood,466,2020,347,tvMiniSeries,United States,English,7.5,TRUE,TRUE
First Team: Juventus,4276,2018,40,tvSeries,United States,Italian,7.3,TRUE,FALSE
My Little Pony: Equestria Girls - Friendship Games,4054,2015,72,movie,United States,English,6.6,TRUE,TRUE
Home for Christmas,1872,2019,29,tvSeries,Norway,Norwegian,7.7,FALSE,FALSE
Professor Mack,5324,2019,83,movie,United States,English,4.4,TRUE,TRUE
Step Up 3D,1249,2010,107,movie,United States,English,6.2,TRUE,TRUE